Name,Album_Image,For Sale
Agent K.K.,https://acnhcdn.com/latest/Audio/mjk_Keiji.png,Yes
Aloha K.K.,https://acnhcdn.com/latest/Audio/mjk_Aloha.png,Yes
Animal City,https://acnhcdn.com/latest/Audio/mjk_DoubutuNoMachi.png,No
Bubblegum K.K.,https://acnhcdn.com/latest/Audio/mjk_Idol.png,Yes
Cafe K.K.,https://acnhcdn.com/latest/Audio/mjk_Paris.png,Yes
Comrade K.K.,https://acnhcdn.com/latest/Audio/mjk_ShowaKayo.png,Yes
DJ K.K.,https://acnhcdn.com/latest/Audio/mjk_EuroBeat.png,Yes
Drivin',https://acnhcdn.com/latest/Audio/mjk_Drive.png,No
Farewell,https://acnhcdn.com/latest/Audio/mjk_Sayonara.png,No
Forest Life,https://acnhcdn.com/latest/Audio/mjk_MoriNoSeikatsu.png,Yes
Go K.K. Rider,https://acnhcdn.com/latest/Audio/mjk_KekeRider.png,Yes
Hypno K.K.,https://acnhcdn.com/latest/Audio/mjk_UtataneNoYume.png,Yes
I Love You,https://acnhcdn.com/latest/Audio/mjk_Daisuki.png,Yes
Imperial K.K.,https://acnhcdn.com/latest/Audio/mjk_China.png,Yes
K.K. Adventure,https://acnhcdn.com/latest/Audio/mjk_Hollywood.png,Yes
K.K. Aria,https://acnhcdn.com/latest/Audio/mjk_Maria.png,Yes
K.K. Ballad,https://acnhcdn.com/latest/Audio/mjk_Ballad.png,Yes
K.K. Bazaar,https://acnhcdn.com/latest/Audio/mjk_Roma.png,Yes
K.K. Birthday,https://acnhcdn.com/latest/Audio/mjk_BirthdaySong.png,No
K.K. Blues,https://acnhcdn.com/latest/Audio/mjk_Blues.png,Yes
K.K. Bossa,https://acnhcdn.com/latest/Audio/mjk_Bossa.png,Yes
K.K. Calypso,https://acnhcdn.com/latest/Audio/mjk_Caripso.png,Yes
K.K. Casbah,https://acnhcdn.com/latest/Audio/mjk_Turkey.png,Yes
K.K. Chorale,https://acnhcdn.com/latest/Audio/mjk_Sanbika.png,Yes
K.K. Condor,https://acnhcdn.com/latest/Audio/mjk_Peru.png,Yes
K.K. Country,https://acnhcdn.com/latest/Audio/mjk_Country.png,Yes
K.K. Cruisin',https://acnhcdn.com/latest/Audio/mjk_Urban.png,Yes
K.K. D&B,https://acnhcdn.com/latest/Audio/mjk_Drumnbass.png,Yes
K.K. Dirge,https://acnhcdn.com/latest/Audio/mjk_KowaiUta.png,Yes
K.K. Disco,https://acnhcdn.com/latest/Audio/mjk_Disco.png,Yes
K.K. Dixie,https://acnhcdn.com/latest/Audio/mjk_Dixie.png,Yes
K.K. Vatude,https://acnhcdn.com/latest/Audio/mjk_Etude.png,Yes
K.K. Faire,https://acnhcdn.com/latest/Audio/mjk_Haisai.png,Yes
K.K. Flamenco,https://acnhcdn.com/latest/Audio/mjk_Flamenco.png,Yes
K.K. Folk,https://acnhcdn.com/latest/Audio/mjk_Minyo.png,Yes
K.K. Fusion,https://acnhcdn.com/latest/Audio/mjk_Fusion.png,Yes
K.K. Groove,https://acnhcdn.com/latest/Audio/mjk_Raregroove.png,Yes
K.K. Gumbo,https://acnhcdn.com/latest/Audio/mjk_NewOrleans.png,Yes
K.K. House,https://acnhcdn.com/latest/Audio/mjk_House.png,Yes
K.K. Island,https://acnhcdn.com/latest/Audio/mjk_DoubutsuNoShima.png,Yes
K.K. Jazz,https://acnhcdn.com/latest/Audio/mjk_Jazz.png,Yes
K.K. Jongara,https://acnhcdn.com/latest/Audio/mjk_Jongara.png,Yes
K.K. Lament,https://acnhcdn.com/latest/Audio/mjk_Enka.png,Yes
K.K. Love Song,https://acnhcdn.com/latest/Audio/mjk_LoveSong.png,Yes
K.K. Lullaby,https://acnhcdn.com/latest/Audio/mjk_Lullaby.png,Yes
K.K. Mambo,https://acnhcdn.com/latest/Audio/mjk_Mambo.png,Yes
K.K. Marathon,https://acnhcdn.com/latest/Audio/mjk_Gamelan.png,Yes
K.K. March,https://acnhcdn.com/latest/Audio/mjk_March.png,Yes
K.K. Mariachi,https://acnhcdn.com/latest/Audio/mjk_Senor.png,Yes
K.K. Metal,https://acnhcdn.com/latest/Audio/mjk_Metal.png,Yes
K.K. Milonga,https://acnhcdn.com/latest/Audio/mjk_Milonga.png,Yes
K.K. Moody,https://acnhcdn.com/latest/Audio/mjk_Bolero.png,Yes
K.K. Oasis,https://acnhcdn.com/latest/Audio/mjk_Maharaja.png,Yes
K.K. Parade,https://acnhcdn.com/latest/Audio/mjk_Parade.png,Yes
K.K. Ragtime,https://acnhcdn.com/latest/Audio/mjk_RagTime.png,Yes
K.K. Rally,https://acnhcdn.com/latest/Audio/mjk_Ondo.png,Yes
K.K. Reggae,https://acnhcdn.com/latest/Audio/mjk_Reggae.png,Yes
K.K. Rock,https://acnhcdn.com/latest/Audio/mjk_Rock.png,Yes
K.K. Rockabilly,https://acnhcdn.com/latest/Audio/mjk_KekeBilly.png,Yes
K.K. Safari,https://acnhcdn.com/latest/Audio/mjk_Afro.png,Yes
K.K. Salsa,https://acnhcdn.com/latest/Audio/mjk_Salsa.png,Yes
K.K. Samba,https://acnhcdn.com/latest/Audio/mjk_Samba.png,Yes
K.K. Ska,https://acnhcdn.com/latest/Audio/mjk_Ska.png,Yes
K.K. Sonata,https://acnhcdn.com/latest/Audio/mjk_Sonata.png,Yes
K.K. Song,https://acnhcdn.com/latest/Audio/mjk_KekeSong.png,Yes
K.K. Soul,https://acnhcdn.com/latest/Audio/mjk_Soul.png,Yes
K.K. Steppe,https://acnhcdn.com/latest/Audio/mjk_Cossack.png,Yes
K.K. Stroll,https://acnhcdn.com/latest/Audio/mjk_Osanpo.png,Yes
K.K. Swing,https://acnhcdn.com/latest/Audio/mjk_Swing.png,Yes
K.K. Synth,https://acnhcdn.com/latest/Audio/mjk_Electronica.png,Yes
K.K. Tango,https://acnhcdn.com/latest/Audio/mjk_Tango.png,Yes
K.K. Technopop,https://acnhcdn.com/latest/Audio/mjk_TechnoBeat.png,Yes
K.K. Waltz,https://acnhcdn.com/latest/Audio/mjk_Waltz.png,Yes
K.K. Western,https://acnhcdn.com/latest/Audio/mjk_Western.png,Yes
King K.K.,https://acnhcdn.com/latest/Audio/mjk_Daimyo.png,Yes
Lucky K.K.,https://acnhcdn.com/latest/Audio/mjk_Irish.png,Yes
Marine Song 2001,https://acnhcdn.com/latest/Audio/mjk_HunaUta2001.png,Yes
Mountain Song,https://acnhcdn.com/latest/Audio/mjk_Alpine.png,Yes
Mr. K.K.,https://acnhcdn.com/latest/Audio/mjk_Sensei.png,Yes
My Place,https://acnhcdn.com/latest/Audio/mjk_BokuNoBasho.png,Yes
Neapolitan,https://acnhcdn.com/latest/Audio/mjk_Napolitan.png,Yes
Only Me,https://acnhcdn.com/latest/Audio/mjk_OnlyMe.png,Yes
Pondering,https://acnhcdn.com/latest/Audio/mjk_KangaeChu.png,Yes
Rockin' K.K.,https://acnhcdn.com/latest/Audio/mjk_RocknRoll.png,Yes
Soulful K.K.,https://acnhcdn.com/latest/Audio/mjk_Gospel.png,Yes
Space K.K.,https://acnhcdn.com/latest/Audio/mjk_Minimal.png,Yes
Spring Blossoms,https://acnhcdn.com/latest/Audio/mjk_HaruNoKomorebi.png,Yes
Stale Cupcakes,https://acnhcdn.com/latest/Audio/mjk_BlueOnigiri.png,Yes
Steep Hill,https://acnhcdn.com/latest/Audio/mjk_NiDanZaka.png,Yes
Surfin' K.K.,https://acnhcdn.com/latest/Audio/mjk_Eleki.png,Yes
The K. Funk,https://acnhcdn.com/latest/Audio/mjk_Funk.png,Yes
To the Edge,https://acnhcdn.com/latest/Audio/mjk_NamiNami.png,Yes
Two Days Ago,https://acnhcdn.com/latest/Audio/mjk_Ototoi.png,Yes
Wandering,https://acnhcdn.com/latest/Audio/mjk_Horo.png,Yes
Welcome Horizons,https://acnhcdn.com/latest/Audio/mjk_MainTheme.png,No